LATITUDE,LONGITUDE,PRCP
35.83111,-90.64639,359.1
42.4063,-90.3181,74.5
40.07806,-83.07806,115.4
40.5321,-90.1473,112
42.7631,-84.7622,118.4
39.2975,-87.9746,134.4
40.4665,-90.0922,92.7
42.23333,-83.53333,66.7
35.05646,-83.19822,314.2
43.15611,-90.6775,34.6
41.3289,-88.2701,135.3
39.5128,-86.6418,107
39.3475,-85.4891,155.8
40.5274,-89.1701,23.5
41.7018,-87.782,142.6
41.6703,-87.7312,120.4
38.8169,-92.2183,76.1
42.1511,-83.1492,88
36.092,-82.175,96.9
35.989,-82.128,71.9
41.7346,-88.2391,84.7
40.4355,-85.2891,94.8
35.2191,-84.7921,176
36.4966,-87.1994,205.6
36.5176,-87.429,269.1
34.9818,-92.0064,369.6
40.2913,-82.6546,170.1
36.6027,-87.3793,328.6
40.501,-88.9319,133.3
42.9666,-83.7494,102.2
40.9705,-85.2063,111
38.5852,-92.1825,68.3
38.8099,-90.003,149.9
43.9758,-84.4908,79.8
41.5333,-85.7833,166.9
42.5175,-84.653,122.7
41.3331,-83.1189,72.8
36.9987,-86.4276,235.2
42.342,-83.3021,94.1
42.2667,-84.4667,109.9
42.77,-84.4031,115
36.5524,-85.5004,242.2
38.59111,-92.15583,70.6
35.2239,-89.8148,319
38.57139,-90.15722,154.3
43.5861,-83.1805,71.6
42.4669,-83.3625,92.8
39.5446,-86.3629,133.8
41.77,-88.48139,69.9
41.8935,-87.9485,101.8
39.3508,-86.5871,135.6
37.31864,-91.96282,191.7
35.2546,-89.8068,300.4
41.7462,-86.1072,227.9
40.303,-90.0647,84.5
41.86778,-84.07944,105.4
40.4489,-85.4543,100.2
42.595,-87.93806,38.8
35.0893,-82.0969,127.6
42.3195,-83.2377,105.2
35.7108,-88.959,327.6
35.5813,-88.8306,285
43.76944,-88.49083,26.3
35.6959,-88.8399,331.6
42.3469,-83.1736,94.5
40.4681,-85.5024,89.6
39.1312,-87.6402,131.3
43.1876,-91.862,44
35.5261,-82.9073,104.7
42.12083,-87.90472,56.2
39.8801,-86.0514,115.6
42.74611,-86.09667,97.2
40.4712,-88.6196,114.3
36.4596,-87.573,264
40.3135,-88.9676,141.5
41.3705,-85.0457,115.5
40.5343,-89.2055,95.3
35.6881,-88.8857,338.5
40.3535,-83.7754,111.7
40.8816,-83.709,91.5
37.2822,-82.0894,198.5
36.1092,-92.1636,220.5
43.4447,-88.8477,52.5
36.5556,-87.4354,303
35.4389,-82.7873,109.7
41.8089,-88.2528,100
36.3992,-87.3923,227.3
35.2676,-89.8376,305.8
36.4607,-87.1842,228.6
43.7952,-88.4533,19.2
41.61389,-90.59139,63
42.2826,-89.6036,71.3
41.2947,-88.2778,63.5
41.3525,-85.29611,127.5
39.1127,-84.1389,188.5
39.7858,-85.7611,129.3
37.6527,-84.7708,174.8
41.3414,-88.2981,137.4
43.5136,-87.8547,52.3
42.4292,-89.4173,76.7
42.0038,-89.9389,93.9
42.1153,-88.1639,97.3
35.7,-88.7724,287
35.9307,-91.055,271.7
41.3375,-84.42889,93.3
37.4378,-87.4418,247.9
42.3095,-89.6637,84
38.9302,-84.142,204.9
39.0212,-84.2186,198.5
43.6309,-91.5027,31.2
41.34611,-82.17944,71.5
42.5452,-83.3177,93.4
42.41667,-87.86667,43.9
43.7666,-88.4669,33.2
41.7319,-87.9486,128.2
43.3194,-88.168,60.7
40.4555,-85.3743,102
36.0984,-87.0963,296.3
38.4949,-89.9811,186.9
38.678,-88.4798,151.5
36.0806,-87.1165,310.9
40.061,-87.9638,177.6
36.0138,-85.1345,285.7
40.5069,-85.4275,106.4
42.823,-86.0678,119.7
36.1461,-81.7877,130.8
39.4721,-88.1763,105
36.2993,-86.4238,286.9
36.201,-81.871,128.6
34.9772,-91.4978,255.9
38.3803,-85.8704,264
39.7647,-84.6338,155.2
38.333,-87.4473,206.4
40.7521,-81.7459,131.9
42.8231,-86.1485,107.2
39.7437,-84.6543,151.7
38.9681,-90.4289,104
35.76,-82.4325,87.7
35.0886,-81.9874,113.4
40.4462,-85.3663,86.2
36.0297,-86.9009,267.7
40.4619,-85.3729,93.8
37.2896,-91.8896,206.4
40.4489,-85.374,100.1
35.1074,-81.9101,102.9
36.1502,-86.5738,285.8
42.1747,-89.2678,90.7
35.1682,-81.939,130.9
42.905,-88.8588,82.4
41.1977,-90.7447,102.9
39.5253,-91.645,66.1
37.687,-85.845,236
40.8131,-83.7383,92.7
37.2036,-89.0422,161.2
41.2498,-81.8133,125.2
37.6535,-92.0833,186.3
37.858,-85.007,256.7
36.126,-86.7954,247.6
39.7067,-86.2807,125.7
35.4442,-88.7244,401.8
34.9792,-82.2119,155.5
35.991,-84.5473,265.1
36.0673,-86.9413,302
41.5067,-87.5248,160.4
40.3569,-84.3736,134.9
40.3563,-84.4076,134.2
38.3228,-85.8958,287.9
36.8505,-85.5463,234.2
38.3432,-85.8951,285.1
42.5038,-89.0311,74
38.18472,-84.90333,233.5
36.8525,-85.5488,235.7
39.825,-86.29583,106.3
39.7133,-90.2285,107.7
42.557,-82.9494,87.4
40.2709,-84.3247,124.6
36.3283,-81.843,93.3
40.0851,-85.3488,105.1
43.3261,-89.0081,58.4
42.4307,-92.2253,52
35.0979,-81.8941,115.8
38.1868,-90.1507,215.4
36.1941,-86.5764,275
41.4334,-90.4175,107.8
41.4089,-87.3899,162
41.4673,-90.1818,89.5
41.4082,-83.6716,89.5
38.45028,-83.73556,243.6
40.1623,-85.0162,95.2
40.0648,-88.2426,165.1
42.7707,-86.1621,120.7
36.1153,-85.5332,277.5
41.3873,-83.6785,100.8
40.1063,-88.2751,115.7
37.79278,-86.2325,295.8
44.03279,-88.14683,36.3
40.6458,-91.564,82.1
37.6953,-90.6657,197.3
38.2246,-90.5689,201.2
39.6552,-86.8462,95.3
39.1181,-88.6244,119.8
37.28,-91.8859,176.5
39.1065,-88.5312,108.4
39.6221,-86.779,110.9
37.9842,-89.9492,180.5
36.3805,-84.8744,267.4
41.48333,-83.21667,68.8
35.5453,-82.6987,77.6
39.6606,-86.8207,108.8
40.1642,-83.1687,151.5
39.373,-90.9052,45.7
41.6084,-87.9327,150.4
41.9985,-82.8341,64.6
43.4406,-88.6325,58.6
41.4663,-87.5544,166.4
38.5547,-89.1297,178.2
40.2337,-82.9362,153.4
40.9464,-90.3856,96.8
36.861,-86.7158,258.7
35.8306,-91.7944,259.5
39.2733,-87.1072,121.4
36.9931,-87.1503,263.8
36.8331,-86.7387,246.1
39.1763,-87.1446,131.4
36.6534,-87.184,277.4
36.1924,-85.5917,302.7
41.4619,-84.5272,94
36.1089,-86.8822,311.2
39.9072,-87.9961,132.5
40.0958,-88.262,163.4
40.3061,-85.4158,95.5
40.0946,-88.2704,162
43.3439,-91.6443,34.3
39.7344,-86.5361,131.3
36.1885,-85.5789,314.7
41.4083,-84.8536,90.9
40.7115,-82.7678,112.3
36.3911,-86.4823,264.4
37.9101,-86.1364,279.4
35.849,-90.6589,354.6
36.5892,-87.7994,274.4
36.276,-86.547,282.2
41.6117,-90.5816,72.5
41.9342,-88.7756,70.2
42.3995,-90.386,84.2
38.493,-88.9703,180.8
37.2504,-86.2325,225.2
36.2387,-86.5716,287
35.5567,-87.5414,333.8
37.956,-86.1162,182.4
35.7595,-91.6384,326.6
41.3416,-85.4156,142.2
41.9058,-88.2555,136.1
41.617,-87.2546,144.5
35.5509,-87.5536,338.8
35.2028,-86.7777,284.4
40.9302,-82.3505,251.8
41.6654,-84.4244,116.4
36.8585,-87.4943,229.1
35.2315,-86.606,265.5
35.9262,-86.92,281.2
35.109,-86.6543,229
35.1625,-86.6683,277.2
36.1056,-82.8436,141.5
43.6408,-87.905,37
39.5853,-84.1493,164.2
40.8126,-82.9698,121.2
39.9685,-86.1369,115.6
35.5497,-89.7,326.1
36.86,-87.838,278.3
35.0415,-86.5769,296.7
35.1473,-86.5899,298
35.0693,-91.8879,364.3
39.7312,-86.1563,119
35.026,-86.554,284.9
39.9521,-82.4824,143.9
39.8546,-84.2112,136.7
40.5355,-82.5628,159.4
34.8816,-82.3224,80.9
38.7503,-84.049,256
41.2144,-85.1242,116.8
37.5319,-87.2669,125.1
41.1207,-85.0895,110.6
40.9915,-85.0029,114.7
34.8954,-82.273,131.1
39.3326,-91.1884,89.5
38.1227,-83.5327,205.3
41.4229,-82.7905,70.5
36.0252,-85.0271,280.3
35.4418,-82.2543,143.2
43.843,-87.8194,40.2
38.82075,-82.18171,178.6
35.8725,-85.0704,229
42.8225,-88.3805,74.7
35.9353,-86.8009,241.9
43.1156,-88.8128,77
38.4843,-86.1742,213.1
42.6042,-84.6749,114.7
42.3042,-91.341,60
41.3621,-82.5745,69.4
39.294,-82.0793,206.9
41.3262,-82.492,84
35.9253,-82.2692,112.7
36.8147,-87.8816,270.3
35.9941,-87.0962,269.7
43.3311,-88.4113,75.2
35.0761,-89.743,335.8
40.558,-87.891,127.4
39.4676,-82.1336,196
39.36444,-84.52472,141
39.2728,-82.243,200.3
39.3722,-81.9231,217.1
39.59361,-84.22639,148.2
35.9591,-86.7729,253.8
35.9662,-86.8885,277.3
35.9397,-87.1718,281.8
42.3778,-87.9674,79.2
38.8882,-86.5707,171.4
43.786,-90.7952,23
37.8299,-84.0347,196.9
35.2311,-82.7218,213.2
39.7729,-86.2799,131.7
38.7016,-91.4313,128.3
38.1564,-92.2358,179.8
35.1486,-82.621,224.6
35.1482,-82.6096,279.5
35.2074,-82.7428,193.3
42.0742,-88.7076,76.3
35.94028,-89.83083,266.5
41.569,-85.8536,178.1
40.8483,-84.9299,99.8
42.749,-86.202,114.9
39.7169,-86.2417,114.3
41.4511,-90.1487,94.3
35.6656,-86.0636,266.4
42.7569,-84.7453,117.4
41.3671,-87.1623,187.7
35.4945,-82.6142,124.8
35.4185,-82.5567,148.8
41.2541,-89.3379,122.1
39.4459,-89.7846,129.7
36.7217,-82.5367,238.4
36.2455,-85.945,285.1
41.5586,-85.8287,202.3
40.8234,-89.6814,133.4
35.6878,-83.5373,186
35.1688,-84.6135,186.2
35.9893,-86.7904,266.4
40.0638,-85.6916,109
40.8865,-89.641,125.7
35.2551,-82.7351,221.2
35.9727,-86.7521,240.7
39.8795,-84.1278,137.9
43.0519,-88.1775,71.1
35.2466,-82.7262,195.6
40.8784,-87.8462,167.4
39.4469,-89.8053,100.4
39.1025,-90.343,102.8
40.1689,-92.1294,83.9
39.7713,-85.7739,120.6
38.3471,-89.1782,191.8
35.2247,-82.1908,162
39.2445,-89.9236,111.2
42.188,-87.959,97.3
42.6758,-89.0761,110.5
41.6425,-86.0415,190.2
41.8571,-88.3823,109.6
39.0629,-84.5454,195.2
35.18038,-83.39294,166.1
41.5578,-85.8834,203.5
42.3842,-85.9625,89.8
39.0658,-84.5017,195.4
42.6333,-89.3866,94.1
39.6807,-84.3954,150.3
34.8734,-82.4855,120.8
35.1131,-89.2122,383.9
36.0818,-86.5969,236.1
42.9944,-88.8041,85.9
37.1275,-88.653,169.4
35.5128,-91.9955,345.7
41.2839,-82.8408,91
35.22844,-82.73575,255.9
43.1936,-84.1113,97.9
43.0939,-85.6428,105.7
35.96889,-87.13639,289.9
42.9608,-90.1161,72
38.5199,-89.8466,191.2
38.2186,-83.143,228.3
42.2288,-88.3496,70.4
39.18122,-88.78266,157.3
35.0349,-82.2274,122.3
36.1607,-83.4609,143.7
36.2677,-83.143,218.6
35.3684,-85.7014,245.3
40.0028,-86.8011,104.3
39.1742,-86.5214,140.9
36.2852,-87.6136,265.5
43.5705,-91.2295,15.2
42.6352,-85.761,118.3
35.6319,-82.3221,105
43.808,-82.9938,64.2
42.8253,-85.5894,111.7
34.92,-82.4254,145.3
42.3263,-84.0133,110.3
42.23472,-85.55194,122.4
42.8742,-85.6221,124.1
40.1636,-92.1658,108.7
43.6263,-85.476,128.9
36.339,-82.8419,162.4
36.1224,-82.8162,137.4
35.4655,-82.4876,135.9
36.0195,-82.8309,139.8
35.7476,-89.0603,342.3
35.589,-82.5428,72.5
43.2388,-88.1222,45.8
35.5698,-86.3291,256.4
36.3211,-87.2218,273.4
41.8741,-88.4727,93.3
39.9484,-90.328,93.8
41.021,-91.9553,59.4
42.4,-88.7424,78
40.6653,-86.955,173.5
42.0597,-88.2334,105.9
42.29806,-83.66388,104.3
41.4123,-86.7603,210.8
41.3322,-87.2155,161.4
41.1338,-85.0307,120.8
40.78333,-91.12528,88.5
37.8339,-87.584,209
41.1026,-85.1083,126.3
42.9919,-85.6944,118.8
41.63278,-91.54306,62.4
41.1535,-85.1329,127.3
41.701,-84.9867,140.2
41.7947,-90.2639,76.2
42.9409,-87.9823,76.1
34.9842,-83.3917,260
42.2122,-88.2444,83.7
41.5919,-85.1012,146.3
41.5997,-85.0895,131.5
42.1739,-88.2993,67.4
41.3658,-83.0754,78.7
35.4319,-82.5375,141.7
35.593,-88.9167,369.6
38.5389,-89.4717,180.2
37.4653,-83.2807,211.3
35.952,-81.8918,133.1
41.1695,-85.0527,123.3
37.378,-89.6677,252.2
41.8929,-87.9296,113.3
42.5608,-87.8155,73.8
36.8825,-83.8819,318.5
42.3245,-88.3946,85.6
41.7304,-88.2376,117.9
43.0053,-85.6411,112.3
42.2416,-83.6933,113.1
38.7603,-89.6563,167.4
42.6001,-90.4237,68.9
35.9953,-84.8929,214.5
35.6887,-81.786,122.4
35.884,-85.045,257.9
35.7266,-81.7902,140.7
41.3831,-83.6111,84.9
37.8194,-85.3847,272.3
42.9697,-85.6075,118.5
36.25251,-81.91352,114.6
42.8972,-85.7791,95.7
41.7431,-87.9746,126.4
41.8752,-87.9211,114
38.7396,-85.4214,180.5
41.2429,-89.8997,96.2
40.6632,-90.4447,117.9
40.3444,-91.1124,128
35.03362,-85.20044,246.4
41.8363,-86.389,147.8
41.8183,-86.3423,191
41.8033,-88.0154,130.6
41.886,-87.621,31.5
42.0481,-88.1162,90.9
43.9887,-84.7023,88.4
37.5664,-85.7368,225
42.2551,-88.864,54.6
41.8634,-88.0829,120.3
40.03972,-88.27778,149.9
42.1256,-86.4284,118.2
35.859,-90.6144,337.6
39.2619,-86.5936,140.2
39.0662,-86.5272,152.6
39.2083,-86.6305,125.7
42.5399,-90.6461,66.7
42.4087,-90.7325,61.1
41.5575,-85.8825,203.9
40.097,-89.2389,107.6
37.7205,-89.263,181.3
39.5894,-89.4555,79.5
38.8663,-90.1463,130.2
38.9852,-91.9682,82.6
38.8052,-91.9465,91
38.6784,-92.1014,85.6
37.8141,-89.2231,162.4
41.6778,-86.0022,287.8
38.2929,-86.9611,245.9
41.3964,-91.5411,57
36.5875,-87.006,216.2
36.354,-82.2486,151.9
35.6381,-87.0864,276.7
36.8681,-84.2072,297.9
41.3415,-85.1292,85.3
42.5597,-87.8566,60.9
42.9269,-83.9894,92.7
41.91444,-88.24639,44.1
40.2969,-86.0574,94
35.9509,-85.0813,266.3
36.4437,-86.7981,246.4
42.5503,-84.8258,110.1
43.3869,-84.6482,85.3
35.6801,-86.6537,251.2
39.2319,-86.6315,177.8
38.4583,-91.7027,153.6
35.3231,-86.7936,279.5
42.64208,-85.28819,133
36.47967,-82.39898,191.9
42.22278,-83.74444,87.5
43.99,-88.9411,36.9
41.9715,-87.8033,120.1
43.4583,-89.7269,37.6
43.7186,-87.7088,47.4
40.8756,-86.0561,130.9
42.0628,-88.2861,90.5
35.3363,-82.6157,160.5
36.6687,-81.9646,168.7
35.291,-82.4143,175
42.9378,-85.6131,122.4
35.3201,-82.3993,184.3
40.2581,-89.367,61
35.28,-82.5309,137.3
34.8842,-82.2209,137.5
39.1284,-88.6908,138.1
43.5288,-88.2657,55.8
35.1579,-84.8204,172.9
35.3578,-82.5039,131.1
35.02695,-82.50145,124.8
41.9953,-88.0527,111.4
40.1498,-87.6267,143.9
39.8469,-82.9872,122.7
40.4661,-87.6854,158.8
40.1491,-87.6431,136.8
42.4077,-82.8891,101.1
35.4308,-82.5242,134.1
43.4838,-83.3919,74.1
35.1342,-86.5419,343.3
39.9275,-89.7964,99.6
38.696,-85.4727,223.4
38.365,-82.555,206.3
36.7867,-90.0013,230.2
38.045,-85.7155,254.4
35.2817,-82.4564,177.1
43.4069,-84.4746,83.6
37.8725,-82.5195,168.3
39.9494,-84.5796,124
43.3139,-88.3574,78.7
40.7472,-91.275,137
43.2313,-88.1023,68.2
36.76,-88.1386,270.4
40.483,-86.3934,92.9
42.0039,-87.9813,104.9
41.5577,-87.6594,130.6
40.2333,-90.9471,84.2
37.3417,-83.4706,220.7
41.5513,-88.9147,84.4
40.2647,-87.6656,169
42.8825,-85.52389,117.5
41.7805,-88.3091,105.3
38.4104,-85.2203,248
36.62389,-87.41944,247.2
39.13333,-86.61667,137.6
40.1526,-84.4613,111.2
39.6688,-89.6711,121
35.5841,-89.2423,319.5
35.3217,-82.6126,169.9
36.5442,-85.1598,289.9
36.1021,-92.2108,208.7
41.8833,-91.7166,40.2
43.3043,-91.7952,38.1
39.1346,-88.5888,138.6
38.7389,-84.8495,239.5
41.123,-88.1257,101.5
36.3772,-85.8983,303.3
39.83444,-88.86556,104.1
40.4666,-86.0508,103
43.3008,-89.3269,58
37.59139,-83.31444,203.4
41.1072,-88.4111,102.8
40.4904,-86.207,107.3
42.3162,-90.2269,110.2
40.0084,-88.7267,119.2
39.7164,-90.2473,117.4
36.1884,-85.9076,264
37.7483,-90.6253,202.4
41.8001,-90.2751,88.6
41.0546,-88.0378,104.6
38.3515,-85.1555,228.5
35.3915,-82.444,141.7
35.2883,-82.4828,162.2
42.2973,-91.0199,69
39.32,-86.73,137.6
41.7823,-87.8622,131.6
37.76083,-90.42833,133.9
38.2196,-84.8336,258.6
42.2313,-83.3308,108.6
41.8436,-90.7275,76.6
41.995,-87.9336,117.9
42.2781,-83.8188,93.8
42.2946,-82.761,100.3
36.2885,-85.8619,313.9
42.2639,-83.8694,94.5
36.2436,-85.9916,279.4
35.9417,-86.8685,265
36.18738,-81.87409,129.7
43.4458,-86.0265,96.1
35.6391,-85.3586,207.9
35.249,-82.5297,176.1
35.3433,-82.5109,167.5
35.2802,-82.4285,172.4
41.1842,-87.2099,188.6
41.1668,-87.264,187.1
41.9227,-88.7607,81
42.3058,-85.2301,132.7
41.6538,-88.8929,73.9
40.1391,-87.6479,146.3
43.34,-88.6005,44.9
43.975,-89.8309,35.6
39.2334,-83.6091,158.5
36.1298,-92.1028,210.2
36.1387,-92.1254,217.2
39.1103,-87.6655,123
40.8821,-91.0234,81.9
40.1206,-88.2614,162.4
35.476,-82.353,156.9
37.5316,-85.735,132
42.9163,-83.5097,93.7
35.2852,-82.5012,167.2
35.1614,-83.3078,181.1
37.8325,-89.0957,198.5
35.247,-83.414,156
35.3528,-82.4424,153.6
43.0596,-89.4819,64.5
38.813,-89.9582,139.2
38.932,-90.1985,117
40.7356,-91.9696,54
37.7922,-90.4102,150.6
40.0528,-88.3729,165.8
42.1984,-87.814,99.7
42.0007,-91.6326,57.5
35.6072,-87.0592,298.3
40.0539,-87.984,176.2
42.1932,-91.7826,56.4
41.1149,-87.1997,173.9
39.3224,-82.0995,192.4
37.3577,-83.7705,193
42.113,-91.1405,40.9
41.9324,-88.747,73.7
41.9174,-88.6891,72.1
42.5491,-88.8752,95.9
36.4197,-90.5858,233.5
40.1019,-87.5961,128.5
39.6104,-82.9555,136.5
36.1973,-87.3644,248.7
35.2152,-86.7799,304.1
35.2076,-83.3173,127.2
36.1272,-87.4598,323.2
36.1207,-86.8345,305.2
41.2104,-87.2054,199.3
39.9077,-86.3116,101.2
35.9875,-87.4252,302.6
35.1618,-83.3258,156.6
35.3782,-88.549,317.1
38.7245,-90.1069,153.4
39.6437,-86.1856,135.2
42.93,-84.1046,113.5
39.3444,-91.171,103.6
38.7348,-90.0962,76.5
35.9732,-88.6849,353.6
36.0346,-88.244,307
41.8939,-88.4761,100.9
35.7998,-84.168,202.8
42.1575,-90.7063,80.9
35.8113,-84.0839,196.1
35.5952,-88.1175,343.1
35.5206,-91.9997,337.9
42.0404,-88.3366,96.4
38.1479,-91.4468,157.5
35.6394,-84.665,213.5
35.7103,-88.8223,359.1
42.2391,-83.6958,104
42.6508,-88.2544,70.4
40.5379,-90.0421,107.2
41.1204,-90.1641,103.2
35.2894,-91.3533,273.9
37.15605,-91.36015,107.9
41.3763,-82.0992,74
35.8843,-84.6149,250.3
40.5938,-91.1467,97.1
42.2832,-83.7715,98.4
35.6213,-88.8456,378.8
40.4624,-90.7452,110.6
36.1514,-86.6339,308.4
39.42387,-85.01445,149.2
38.23056,-90.39806,133.2
36.5571,-84.9779,323.6
35.9018,-82.8393,83.3
36.2332,-84.9356,250.2
36.2325,-84.9407,249.3
37.7308,-89.1658,205.2
39.516,-86.0772,71.3
41.6093,-91.5051,71.5
41.5033,-88.1027,122.5
42.3337,-83.8751,108
36.2649,-88.4,217.2
39.5682,-86.1749,129.8
43.0608,-86.2047,100.5
43.3797,-84.9732,94.7
40.4789,-88.4332,124.4
44.11869,-89.53587,14.2
35.1108,-81.9675,103.2
42.3045,-83.8553,103.2
38.7425,-90.3721,81.6
41.8592,-88.3221,107.7
42.1398,-87.7854,106.6
42.3404,-83.8916,103.7
41.835,-89.5136,134
41.8705,-91.5807,27.6
35.4341,-89.7169,300.4
39.5858,-86.1947,120.7
37.0855,-87.4986,261.7
43.6341,-90.3792,25.3
39.9759,-89.7253,105.4
42.1983,-91.6543,54.8
37.7693,-90.4489,190.2
38.296,-85.5053,298.5
35.0841,-85.6289,216.2
35.9232,-82.4388,87.4
39.26,-84.807,175.2
39.2,-84.6074,162.4
39.1515,-84.6771,115.4
35.6362,-82.6302,67.8
40.1114,-88.2605,160
43.0411,-89.4286,67
38.428,-90.361,161.5
37.8616,-83.9229,208.2
35.5546,-82.693,84.3
35.7977,-89.1176,344.6
38.3207,-90.7217,138
35.8244,-82.3292,150.9
36.69184,-91.39902,171.6
40.8143,-85.1546,80.3
35.8386,-82.3414,89
37.6336,-83.7161,172.7
42.597,-82.1781,78.3
42.293,-81.9734,80.2
39.8878,-86.1733,121.1
42.9986,-84.0744,115.6
39.25,-84.579,171.3
38.3931,-90.6407,127.4
41.8876,-89.8136,88.3
40.8335,-84.2982,91.4
39.6509,-89.4452,109.6
35.4322,-84.5833,175.7
40.3407,-88.2896,133.5
37.7922,-87.5708,190.3
42.6475,-89.0644,66.1
42.0213,-83.3945,81.1
43.3894,-92.0938,34.6
36.569,-82.6829,208.8
40.3175,-88.3504,99.5
38.6552,-91.4331,144.2
42.0333,-82.9,78
41.1803,-86.8327,199.7
35.3116,-83.1747,166
39.3531,-84.2602,182.4
36.0749,-87.3959,293.1
42.2052,-84.4168,130.5
36.2084,-91.5115,229.8
36.1075,-85.5033,262.9
40.0613,-87.9511,171
39.8907,-86.1192,109.9
41.4388,-87.3545,160.2
40.8146,-82.9848,110
36.5439,-82.4808,207
41.2086,-86.783,199
36.1682,-91.511,259.7
41.4468,-87.5657,174.8
37.3693,-89.6666,272.9
35.654,-82.338,117.6
38.3052,-87.1259,226.8
41.8594,-88.3275,108.4
36.0027,-88.4252,330.6
42.2406,-84.4669,125.9
42.0926,-84.4729,138.7
35.5894,-89.2586,330.8
42.678,-90.1063,67.6
40.7301,-85.1607,104.7
40.0943,-88.2519,162.3
39.7233,-91.3719,78.7
42.107,-84.626,143.7
39.185,-83.942,183.5
41.4255,-91.0094,63.8
43.42278,-88.35194,50.9
34.96285,-87.37195,337.8
37.2471,-83.1817,249.2
42.0256,-88.2885,80.1
37.459,-89.2682,237.6
39.3044,-85.2153,153.8
38.8263,-90.2951,25.1
38.5914,-90.5235,139.3
41.8482,-88.3144,104.8
39.07908,-82.70644,216.1
36.882,-83.3087,288.8
37.7385,-86.2581,292.3
37.2729,-83.2136,205.5
38.5586,-90.3874,143.4
42.2972,-89.6038,90.5
39.8563,-89.4162,119.3
43.6561,-87.8144,53.9
38.5096,-89.9711,188.3
36.3189,-86.5612,290.2
36.0805,-85.8799,281.4
39.4684,-86.04121,143.8
35.9013,-88.0579,319.7
40.8555,-85.498,91.3
35.8575,-84.5278,274.8
36.2393,-88.08,307.8
39.489,-86.073,132.8
36.1066,-88.0443,294.7
38.5524,-90.0805,177.9
42.2792,-91.525,50.4
35.3402,-85.3744,199.6
36.8977,-86.1247,246.2
36.0148,-85.1313,271.2
38.3769,-84.303,244
35.4012,-85.4288,224.4
40.084,-88.2404,155.5
41.8978,-90.1545,46.4
35.3732,-85.9462,255.9
38.0805,-87.2758,248.8
37.1559,-90.5329,184.5
37.7881,-90.7802,261.9
38.5735,-90.066,175
36.1367,-91.1171,287.2
38.6049,-89.9685,168.2
40.2986,-86.5066,159.3
35.4467,-83.4623,186.5
36.0519,-88.0828,267.1
35.4581,-88.6583,367.3
43.7955,-91.4263,27.9
36.5194,-82.5275,177.2
35.8318,-87.4219,302.4
40.9843,-86.8871,165.8
38.6451,-85.3552,254.4
35.8201,-91.7812,264.2
38.0649,-87.2739,235.7
39.8288,-88.9505,121.9
35.6025,-82.5602,76.4
39.195,-82.1869,246
35.6534,-82.5709,69.8
36.9777,-86.4613,206.1
35.6536,-82.5728,72.7
35.546,-82.343,125.4
39.692,-86.5299,120.5
39.2339,-92.1326,65.8
42.7858,-91.0958,48.1
39.1195,-92.2114,71.5
41.9352,-84.6411,160.5
39.22,-85.8555,144.2
42.4147,-88.6308,76.4
37.0245,-85.6987,223.7
35.3725,-85.4378,190.6
34.9549,-89.6725,227.1
39.2352,-85.8992,113.3
35.3675,-90.9729,195.7
40.8092,-89.0546,70.9
36.9189,-86.4796,229.1
38.558,-90.4243,163.3
41.8074,-91.965,52.4
41.0931,-85.4694,124.6
39.7849,-86.3939,122.5
39.981,-83.0401,136.5
40.1299,-83.0742,139.6
41.2362,-85.4881,138.2
42.0496,-91.5881,46.7
39.0444,-84.6724,198.3
39.9064,-84.2185,142.6
38.0441,-87.5205,234.7
39.003,-90.6886,141.9
42.39778,-90.70361,72
39.72517,-86.28168,118.1
36.923,-86.4919,186.2
37.77972,-89.24972,63.6
39.0313,-86.9371,126.7
39.10333,-84.41889,180.3
43.3085,-87.9848,66.8
43.3194,-83.7161,91.2
43.7072,-85.4822,105.8
36.4128,-82.4528,193.1
36.5331,-86.3678,253.4
35.1833,-84.8971,176.7
35.4703,-85.6371,266.7
35.1226,-84.8057,189
35.93,-87.4695,329.9
35.1103,-84.8711,203.8
36.58028,-85.12556,282.7
35.935,-87.2662,305.6
42.5066,-83.3791,87.7
38.221,-84.8175,261.4
40.1433,-91.5158,99.1
39.9617,-86.0585,82.3
38.42,-84.07,192.1
38.6008,-90.5548,172
36.2747,-91.5056,207.6
40.2201,-81.9365,149.1
39.7749,-86.4022,136
38.2973,-85.7197,273.1
39.6742,-89.6693,116.5
35.3125,-81.9891,122
38.3098,-85.736,274.8
41.6639,-85.0183,159.8
38.8701,-87.0917,158.4
38.7983,-90.3779,133.6
41.5264,-90.5858,80.3
35.6162,-82.5505,69.3
40.0191,-83.0437,141.7
35.4791,-82.4924,121.2
35.6846,-82.5953,42.6
38.7778,-92.2686,89.5
39.0704,-84.9758,121.5
37.5742,-90.3075,78.6
38.4908,-85.6677,270.8
36.6702,-87.5588,257.3
39.3854,-87.0399,121.6
39.2425,-87.3905,127.2
41.5401,-90.4492,81.1
41.9552,-83.6488,83.4
36.4012,-82.4306,189
36.3925,-82.4781,180.5
36.4222,-82.6027,166.7
36.2605,-82.498,152.3
42.3075,-85.25111,129.4
40.7296,-91.1897,83.8
35.373,-85.6133,229.8
43.6747,-86.4238,79.4
40.0639,-82.8673,125
41.78611,-87.75222,111.7
40.8977,-86.6525,154
35.5909,-82.5549,70.8
35.7047,-86.4869,293.3
41.4057,-81.852,82.6
35.4611,-85.7858,288.7
42.7754,-91.4537,52.4
42.40917,-83.01,70.9
38.9232,-86.5339,191.6
35.2622,-88.9891,348
43.308,-87.9552,19.8
41.01361,-83.66861,84.5
35.89536,-82.8313,67.5
38.7699,-84.0127,234
41.6514,-90.5731,70.1
34.9901,-85.2595,125.3
37.2252,-89.5705,239.4
35.054,-83.728,217.5
35.6224,-82.5096,52.2
38.6058,-88.3117,154.6
42.0773,-91.3027,62.9
36.9647,-86.4238,218.2
38.7696,-92.1797,77.1
34.9646,-91.9657,360
41.755,-87.8173,127
36.573,-87.418,266.6
36.4583,-86.324,281.2
41.8008,-87.5903,159.4
39.166,-85.9227,144.6
35.1036,-85.179,178.9
41.5445,-90.591,83.3
38.4082,-82.4443,207.1
38.406,-82.3813,197.6
38.154,-89.5536,152
41.6447,-90.5871,87.5
41.9622,-84.9925,168.1
37.7858,-84.7077,178.9
34.9089,-83.4575,262.4
38.7927,-86.4074,164.1
40.8802,-85.5112,110.8
42.8504,-91.8158,44.2
41.5877,-91.7451,68.8
37.5245,-84.9965,232.7
41.9177,-87.8037,56.6
38.9716,-86.5616,132.3
40.2538,-85.1484,108.1
40.3503,-86.4867,93.1
35.014,-85.1492,180.3
38.9136,-86.4778,139.9
